{
    "rmse": 0.7194693029929732,
    "mae": 0.570206393678733,
    "r2": 0.20576748461462857
}